updated_utc,item_id,floor_copper,market_copper,quantity,lots,deal_qty,deal_cost,sold_qty,sold_hours,wall_qty
2026-09-01T00:31:21Z,774,8900,14100,11649,156,805,7777400,0,1.0,3035
2026-09-01T00:31:21Z,783,33900,62200,15356,75,606,22638500,0,1.0,13525
2026-09-01T00:31:21Z,818,17300,17400,3471,77,6,103800,0,1.0,777
2026-09-01T00:31:21Z,1015,700,1700,26066,104,1877,1697100,0,1.0,2987
2026-09-01T00:31:21Z,1210,11000,11300,18508,54,730,8101400,0,1.0,2641
2026-09-01T00:31:21Z,1529,14000,120000,4125,83,422,6985500,0,1.0,1412
2026-09-01T00:31:21Z,1705,8800,13100,14508,91,179,2010900,0,1.0,13811
2026-09-01T00:31:21Z,2447,21600,33500,25739,144,3289,91019200,8,1.0,4497
2026-09-01T00:31:21Z,2453,11700,22800,2826,88,351,7610700,54,1.0,102
2026-09-01T00:31:21Z,2589,400,9900,36925,66,2002,16971500,24,1.0,17604
2026-09-01T00:31:21Z,2770,18900,38000,155845,170,20128,439382300,0,1.0,10588
2026-09-01T00:31:21Z,2775,115000,147600,6974,92,551,71951300,0,1.0,1949
2026-09-01T00:31:21Z,2776,71300,82500,11964,95,603,47016800,0,1.0,1378
2026-09-01T00:31:21Z,2835,300,800,308090,130,34978,23929100,0,1.0,192791
2026-09-01T00:31:21Z,2934,12900,14900,34579,157,2228,31083900,144,1.0,8593
2026-09-01T00:31:21Z,3355,40000,64000,10565,53,511,22361100,12,1.0,3001
2026-09-01T00:31:21Z,3819,110100,135700,9226,50,125,15361100,4,1.0,1829
2026-09-01T00:31:21Z,3864,9300,9700,850,94,11,102300,0,1.0,159
2026-09-01T00:31:21Z,4234,67800,67900,23206,118,28,1898400,83,1.0,15023
2026-09-01T00:31:21Z,4304,53000,65100,21266,67,557,30441800,64,1.0,14453
2026-09-01T00:31:21Z,4364,400,1300,9827,138,434,316800,102,1.0,1563
2026-09-01T00:31:21Z,4625,39800,890000,21408,63,2297,302768300,12,1.0,19101
2026-09-01T00:31:21Z,6657,370000,410000,60358,77,8704,3353280000,606,1.0,1960
2026-09-01T00:31:21Z,6662,148500,148600,12913,16,129,19156500,5,1.0,5923
2026-09-01T00:31:21Z,6889,75600,96900,31370,67,2303,194311700,1399,1.0,8320
2026-09-01T00:31:21Z,7069,119900,120000,627,70,55,6594500,363,1.0,137
2026-09-01T00:31:21Z,7909,6400,6600,1502,184,221,1418500,0,1.0,27
2026-09-01T00:31:21Z,7912,16700,22900,77781,224,8312,151393100,291,1.0,4714
2026-09-01T00:31:21Z,8170,43000,43000,15816,80,0,0,38,1.0,2788
2026-09-01T00:31:21Z,8839,146600,146600,13271,8,0,0,382,1.0,4018
2026-09-01T00:31:21Z,8845,390000,404400,2695,56,193,75384400,0,1.0,1118
2026-09-01T00:31:21Z,8846,88600,930000,14656,50,1665,440073100,0,1.0,12981
2026-09-01T00:31:21Z,10620,8800,18800,147952,78,111,976800,22,1.0,58281
2026-09-01T00:31:21Z,10940,3500,4200,280155,98,27093,110409900,481,1.0,15542
2026-09-01T00:31:21Z,11371,1969300,1969300,999,13,0,0,466,1.0,378
2026-09-01T00:31:21Z,12206,6400,19600,8050,64,1015,7347600,0,1.0,209
2026-09-01T00:31:21Z,12360,759800,799900,11587,24,1339,1024993600,0,1.0,1125
2026-09-01T00:31:21Z,12363,799900,799900,15423,43,0,0,2,1.0,14115
2026-09-01T00:31:21Z,12811,350000,709900,5551,162,824,405008100,2,1.0,100
2026-09-01T00:31:21Z,13463,15300,17900,13004,100,999,17085200,0,1.0,5854
2026-09-01T00:31:21Z,14227,179900,267500,1183,84,154,38219600,12,1.0,330
2026-09-01T00:31:21Z,14256,795700,880000,5917,101,308,248026200,0,1.0,4517
2026-09-01T00:31:21Z,15414,74500,74700,923,51,40,2982200,1,1.0,134
2026-09-01T00:31:21Z,16202,110000,124500,2777,82,413,46600200,0,1.0,10
2026-09-01T00:31:21Z,16203,286100,349500,14497,79,499,160164600,0,1.0,3780
2026-09-01T00:31:21Z,17202,500,3500,283453,126,41965,92285300,60,1.0,10000
2026-09-01T00:31:21Z,18562,900000,1940000,3022,23,71,64312000,0,1.0,2163
2026-09-01T00:31:21Z,19768,566100,581800,2360,8,87,49250700,0,1.0,1170
2026-09-01T00:31:21Z,19943,890900,953600,6796,41,191,179237600,0,1.0,1213
2026-09-01T00:31:21Z,21213,2500,50000,17783,121,820,10585400,0,1.0,16874
2026-09-01T00:31:21Z,21885,1391900,1470000,3031,79,193,277882000,0,1.0,580
2026-09-01T00:31:21Z,21886,1020000,1040000,2569,46,252,257472500,0,1.0,232
2026-09-01T00:31:21Z,21887,72700,72800,20102,99,419,30461300,246,1.0,5655
2026-09-01T00:31:21Z,22445,20300,28300,69230,105,8501,195364200,625,1.0,3129
2026-09-01T00:31:21Z,22446,68300,113300,17956,101,1924,175147600,9,1.0,13336
2026-09-01T00:31:21Z,22449,19100,42400,192749,123,15332,379868800,107,1.0,40000
2026-09-01T00:31:21Z,22456,240000,259000,10187,34,924,230980000,62,1.0,699
2026-09-01T00:31:21Z,22572,429900,430000,4496,116,9,3869100,0,1.0,1031
2026-09-01T00:31:21Z,22574,529900,599900,7539,59,750,415382600,48,1.0,2000
2026-09-01T00:31:21Z,22575,90000,107000,38762,130,586,58401700,52,1.0,31635
2026-09-01T00:31:21Z,22578,123800,140000,10213,510,953,121506500,0,1.0,847
2026-09-01T00:31:21Z,22644,10000,169700,37490,90,3748,286430800,0,1.0,33117
2026-09-01T00:31:21Z,22682,190000,199500,4176,82,148,28655800,0,1.0,2139
2026-09-01T00:31:21Z,22792,12000,375000,13208,35,1486,95358000,0,1.0,11106
2026-09-01T00:31:21Z,23424,56900,58400,19171,153,1874,106988400,0,1.0,4173
2026-09-01T00:31:21Z,23425,25000,29800,11488,112,656,17460000,0,1.0,1160
2026-09-01T00:31:21Z,23426,1800000,4800000,2932,77,381,1081972500,0,1.0,93
2026-09-01T00:31:21Z,23427,108000,109800,6751,62,300,32711300,0,1.0,1378
2026-09-01T00:31:21Z,23446,59500,99900,4896,28,507,30334400,0,1.0,1000
2026-09-01T00:31:21Z,23448,989900,1200000,9855,34,916,964222900,0,1.0,8651
2026-09-01T00:31:21Z,31910,25000,25000,75,48,0,0,0,1.0,25
2026-09-01T00:31:21Z,33568,30000,89900,5806,134,633,21531300,0,1.0,1455
2026-09-01T00:31:21Z,34068,8400,50000,237025,335,2862,25260300,0,1.0,234057
2026-09-01T00:31:21Z,35557,125000,252600,18601,256,2629,384114600,183,1.0,1497
2026-09-01T00:31:21Z,35624,69400,76400,6190,84,785,55557200,1079,1.0,753
2026-09-01T00:31:21Z,35627,499600,570000,7910,136,187,93447800,8,1.0,1109
2026-09-01T00:31:21Z,36909,129500,129900,69791,190,2,259000,4321,1.0,12291
2026-09-01T00:31:21Z,36910,485100,490000,12162,88,41,19889100,65,1.0,4875
2026-09-01T00:31:21Z,36912,54800,54800,371375,41,0,0,182,1.0,362439
2026-09-01T00:31:21Z,36918,54000,54000,116,16,0,0,0,1.0,48
2026-09-01T00:31:21Z,36922,60000,70000,276,70,39,2340000,2,1.0,37
2026-09-01T00:31:21Z,36925,79400,200000,2013,72,242,40911700,4,1.0,83
2026-09-01T00:31:21Z,37700,26500,29700,7869,669,1086,29740500,7,1.0,159
2026-09-01T00:31:21Z,37701,13900,14400,81071,258,725,10249300,10838,1.0,26575
2026-09-01T00:31:21Z,37704,55700,60000,2683,101,293,17121300,0,1.0,237
2026-09-01T00:31:21Z,39681,145700,145900,1558,27,161,23459200,53,1.0,76
2026-09-01T00:31:21Z,39682,158800,158900,1175,99,143,22708400,13,1.0,36
2026-09-01T00:31:21Z,39690,80000,379800,5061,56,640,129693300,8,1.0,2506
2026-09-01T00:31:21Z,41163,1080000,1080000,2669,35,0,0,11,1.0,423
2026-09-01T00:31:21Z,43007,5800,7900,229591,90,33175,219495500,0,1.0,4143
2026-09-01T00:31:21Z,43013,7700,33600,31462,167,3311,87725800,0,1.0,1575
2026-09-01T00:31:21Z,43102,519400,785700,3748,132,381,206190900,1645,1.0,231
2026-09-01T00:31:21Z,47556,12200,17400,888,61,83,1060800,0,1.0,110
2026-09-01T00:31:21Z,52078,21100,22900,3206,177,107,2357500,926,1.0,1131
2026-09-01T00:31:21Z,52177,136400,136400,930,55,0,0,0,1.0,546
2026-09-01T00:31:21Z,52178,140000,140000,1108,43,0,0,0,1.0,925
2026-09-01T00:31:21Z,52182,158600,158600,3055,32,0,0,0,1.0,661
2026-09-01T00:31:21Z,52185,53500,53500,183938,36,0,0,227,1.0,182101
2026-09-01T00:31:21Z,52326,280000,280000,26916,128,0,0,1728,1.0,4503
2026-09-01T00:31:21Z,52327,37100,37200,21185,126,426,15804600,491,1.0,3996
2026-09-01T00:31:21Z,52328,120000,249500,46849,178,6164,979842300,291,1.0,15000
2026-09-01T00:31:21Z,52329,64500,64500,69143,66,0,0,103,1.0,38478
2026-09-01T00:31:21Z,52555,194800,194900,4937,41,402,78309600,1978,1.0,2734
2026-09-01T00:31:21Z,62784,19800,19800,31925,61,0,0,0,1.0,18507
2026-09-01T00:31:21Z,62791,2200,3000,2023,59,254,671600,19,1.0,286
2026-09-01T00:31:21Z,69237,1900,2000,1659,147,4,7600,3,1.0,578
2026-09-01T00:31:21Z,72093,5000,8900,66138,81,9909,84497600,0,1.0,367
2026-09-01T00:31:21Z,72094,149800,149800,23505,88,0,0,0,1.0,5771
2026-09-01T00:31:21Z,72163,558700,578700,781,41,111,62036300,0,1.0,21
2026-09-01T00:31:21Z,72238,55500,64200,13281,78,1093,61735900,76,1.0,5185
2026-09-01T00:31:21Z,74250,4900,6900,32980,92,2695,15371200,200,1.0,12050
2026-09-01T00:31:21Z,89112,95000,108000,39004,46,8,850300,3265,1.0,15499
2026-09-01T00:31:21Z,109118,5000,8000,43686,102,1234,7705700,0,1.0,7592
2026-09-01T00:31:21Z,109127,11000,11000,11377,132,0,0,2014,1.0,2679
2026-09-01T00:31:21Z,109128,22500,24800,7679,75,753,16942500,0,1.0,2040
2026-09-01T00:31:21Z,109131,28500,28500,19930,45,0,0,1557,1.0,3499
2026-09-01T00:31:21Z,109137,8700,8700,95425,35,0,0,120,1.0,37444
2026-09-01T00:31:21Z,110609,11400,19700,195748,64,15828,223949900,0,1.0,68386
2026-09-01T00:31:21Z,113588,121600,172600,27791,47,2907,426531000,331,1.0,9721
2026-09-01T00:31:21Z,118472,304900,309900,3879,63,489,149172700,0,1.0,184
2026-09-01T00:31:21Z,123918,84200,84300,750280,107,17477,1471563400,4272,1.0,185392
2026-09-01T00:31:21Z,124101,44300,44400,59483,30,5,221500,0,1.0,53838
2026-09-01T00:31:21Z,124102,61000,64800,164311,133,20966,1282644800,340,1.0,6517
2026-09-01T00:31:21Z,124103,46600,77000,20057,31,2041,118025600,0,1.0,15427
2026-09-01T00:31:21Z,124104,46600,51700,44710,118,1789,88750500,0,1.0,12279
2026-09-01T00:31:21Z,124106,1000000,1000000,2961,28,0,0,10,1.0,587
2026-09-01T00:31:21Z,124117,14900,17400,25326,164,3634,57602700,1041,1.0,1685
2026-09-01T00:31:21Z,124441,33000,33400,15027,30,53,1752500,0,1.0,13550
2026-09-01T00:31:21Z,124669,90000,95000,109530,70,1390,125101400,0,1.0,15057
2026-09-01T00:31:21Z,124671,2249000,2290000,40809,86,5638,12747925500,0,1.0,636
2026-09-01T00:31:21Z,132514,1190000,1250000,32530,62,1046,1254740000,417,1.0,7743
2026-09-01T00:31:21Z,133680,69300,77200,11689,49,1416,98974000,92,1.0,9143
2026-09-01T00:31:21Z,138486,78500,78500,2528,234,0,0,0,1.0,611
2026-09-01T00:31:21Z,138488,39300,70000,31932,275,73,4188900,0,1.0,10037
2026-09-01T00:31:21Z,139786,2500000,2500000,36,4,0,0,0,1.0,31
2026-09-01T00:31:21Z,151565,90900,96800,28101,88,3697,337944600,92,1.0,4115
2026-09-01T00:31:21Z,151567,2600,2600,139413,45,0,0,0,1.0,27386
2026-09-01T00:31:21Z,152505,76500,97800,7244,85,886,70761500,59,1.0,589
2026-09-01T00:31:21Z,152506,59500,60000,11159,64,15,892500,5,1.0,1931
2026-09-01T00:31:21Z,152507,59700,69700,48611,58,3401,204389000,177,1.0,44567
2026-09-01T00:31:21Z,152508,57200,84500,42248,50,3531,219692700,431,1.0,7473
2026-09-01T00:31:21Z,152509,58800,60000,6396,28,677,39807600,547,1.0,369
2026-09-01T00:31:21Z,152510,114300,142700,28757,33,2880,335068400,32,1.0,5997
2026-09-01T00:31:21Z,152511,90000,99800,12501,81,373,34420000,9,1.0,1705
2026-09-01T00:31:21Z,152512,21000,21700,1167953,170,115147,2487136000,18440,1.0,78082
2026-09-01T00:31:21Z,152513,43000,47700,19871,173,1091,46913000,1156,1.0,5302
2026-09-01T00:31:21Z,152577,30100,36700,348232,232,52024,1802800700,232,1.0,1000
2026-09-01T00:31:21Z,152579,99000,119000,287029,63,41031,4200654300,9186,1.0,205901
2026-09-01T00:31:21Z,152877,206100,275300,17660,102,1391,343075200,1,1.0,5128
2026-09-01T00:31:21Z,153051,500,600,43416,149,3204,1602000,0,1.0,10664
2026-09-01T00:31:21Z,158188,322000,325300,7154,48,387,124644900,0,1.0,2981
2026-09-01T00:31:21Z,167738,8700,10100,36455,159,4919,46747300,0,1.0,1655
2026-09-01T00:31:21Z,168487,51500,57000,25437,52,3463,187477100,216,1.0,492
2026-09-01T00:31:21Z,168586,44100,50300,4535,90,587,28586100,10,1.0,532
2026-09-01T00:31:21Z,168589,66600,67200,36899,125,72,4795200,14,1.0,25963
2026-09-01T00:31:21Z,169332,79900,108700,3708,75,469,42288500,0,1.0,240
2026-09-01T00:31:21Z,169333,64900,98100,1083,95,52,3782000,0,1.0,178
2026-09-01T00:31:21Z,169701,52000,52000,33490,151,0,0,181,1.0,16212
2026-09-01T00:31:21Z,171315,132000,138000,24948,46,2528,338884900,100,1.0,9988
2026-09-01T00:31:21Z,171828,31000,35000,16572,79,91,2927800,22908,1.0,10109
2026-09-01T00:31:21Z,171829,30000,46600,75596,86,6975,276065700,3,1.0,65860
2026-09-01T00:31:21Z,171830,29700,30000,2865,83,110,3267000,6121,1.0,421
2026-09-01T00:31:21Z,171833,90200,92000,5908,135,32,2891800,0,1.0,1612
2026-09-01T00:31:21Z,172092,500,1000,54599,31,311,245600,0,1.0,50665
2026-09-01T00:31:21Z,172094,9900,10000,34355,381,383,3791700,4,1.0,27735
2026-09-01T00:31:21Z,172230,1700,2000,54358,118,3315,5912000,5085,1.0,7416
2026-09-01T00:31:21Z,172231,2200,7900,216717,160,15851,42649600,37,1.0,49781
2026-09-01T00:31:21Z,172232,9000,9500,33998,20,523,4707000,0,1.0,10074
2026-09-01T00:31:21Z,173032,800,6200,8609,93,331,264800,0,1.0,2336
2026-09-01T00:31:21Z,173202,100,300,915712,439,1782,191400,0,1.0,149307
2026-09-01T00:31:21Z,174353,9300,199900,327814,60,29650,349307700,0,1.0,297917
2026-09-01T00:31:21Z,187700,216000,225000,18217,20,29,6264000,0,1.0,11720
2026-09-01T00:31:21Z,187703,1500,1700,11798,185,103,154500,4,1.0,1923
2026-09-01T00:31:21Z,190311,27900,50000,5076,56,750,22850000,58,1.0,2156
2026-09-01T00:31:21Z,190312,303300,890000,3668,35,141,61086500,170,1.0,2402
2026-09-01T00:31:21Z,190313,242000,252400,4792,31,91,22162000,23,1.0,1221
2026-09-01T00:31:21Z,190314,470500,890000,6075,15,650,305825000,985,1.0,2200
2026-09-01T00:31:21Z,190315,100000,120000,25550,195,3187,336168700,943,1.0,4815
2026-09-01T00:31:21Z,190316,1090000,1100000,6094,75,855,931950000,42,1.0,60
2026-09-01T00:31:21Z,190320,106400,107500,6424,445,939,100065500,1767,1.0,171
2026-09-01T00:31:21Z,190321,1269700,1380000,10726,126,1142,1521934500,16,1.0,6387
2026-09-01T00:31:21Z,190322,230000,242400,2900,110,313,71990000,85,1.0,180
2026-09-01T00:31:21Z,190327,1054600,1074600,4746,67,258,272166800,0,1.0,572
2026-09-01T00:31:21Z,190328,110000,116400,15809,202,1389,152790000,77,1.0,4657
2026-09-01T00:31:21Z,190330,20000,28000,8621,199,838,16947000,4457,1.0,656
2026-09-01T00:31:21Z,190451,104900,125200,5648,117,747,78365400,4,1.0,138
2026-09-01T00:31:21Z,191386,65600,65900,1450,22,22,1443200,0,1.0,783
2026-09-01T00:31:21Z,191475,96500,96500,61,14,0,0,0,1.0,12
2026-09-01T00:31:21Z,193216,49500,70000,1583,95,193,10030400,0,1.0,679
2026-09-01T00:31:21Z,193218,100000,100000,8685,34,0,0,0,1.0,3801
2026-09-01T00:31:21Z,193255,28400,74100,5824,42,297,11212300,0,1.0,5000
2026-09-01T00:31:21Z,193256,28500,179300,3566,55,515,55092200,0,1.0,441
2026-09-01T00:31:21Z,193259,9400,10000,2228,104,125,1195300,0,1.0,333
2026-09-01T00:31:21Z,193261,500,11600,81480,82,5735,6225700,0,1.0,74520
2026-09-01T00:31:21Z,193922,21100,21700,24127,69,3619,76757900,1811,1.0,53
2026-09-01T00:31:21Z,193923,27700,27700,5482,17,0,0,0,1.0,4038
2026-09-01T00:31:21Z,193927,57200,57700,13043,49,1323,75918400,0,1.0,8281
2026-09-01T00:31:21Z,194123,19500,19900,5009,99,405,7897500,0,1.0,1168
2026-09-01T00:31:21Z,194730,14600,31500,18177,120,2697,64452400,1,1.0,444
2026-09-01T00:31:21Z,194966,23900,26600,11160,37,1627,39323100,213,1.0,48
2026-09-01T00:31:21Z,194968,32000,32000,7914,77,0,0,458,1.0,1482
2026-09-01T00:31:21Z,194969,28900,28900,6124,78,0,0,1168,1.0,2455
2026-09-01T00:31:21Z,194970,72500,102000,26066,143,2207,183591800,2,1.0,12707
2026-09-01T00:31:21Z,197743,300,1000,10482,146,1299,894100,0,1.0,1241
2026-09-01T00:31:21Z,197745,10500,13200,35213,70,476,5209800,119,1.0,24468
2026-09-01T00:31:21Z,197746,200,1000,100544,164,8397,5311300,0,1.0,10978
2026-09-01T00:31:21Z,200113,1866500,1874300,2717,144,294,548987100,1,1.0,160
2026-09-01T00:31:21Z,201403,259900,507900,1872,122,243,83307000,0,1.0,82
2026-09-01T00:31:21Z,204460,191500,191900,38867,174,666,127543000,1000,1.0,6551
2026-09-01T00:31:21Z,204464,153000,169900,4538,410,557,88650800,0,1.0,359
2026-09-01T00:31:21Z,207702,1049600,1079800,27897,110,4103,4378803400,33,1.0,87
2026-09-01T00:31:21Z,210797,25000,29000,7448,105,810,20335800,0,1.0,2583
2026-09-01T00:31:21Z,210801,51900,178100,4020,57,440,72726000,0,1.0,2306
2026-09-01T00:31:21Z,210808,19500,19900,6253,181,108,2106000,0,1.0,1018
2026-09-01T00:31:21Z,210809,19100,20700,18632,29,531,10468200,12,1.0,12111
2026-09-01T00:31:21Z,210810,41300,44500,4349,46,609,25602300,0,1.0,49
2026-09-01T00:31:21Z,210930,70000,142000,87163,174,9290,743898500,128,1.0,43737
2026-09-01T00:31:21Z,210931,74600,140000,39482,104,2903,252530200,1,1.0,35922
2026-09-01T00:31:21Z,210932,90000,119000,73665,141,5218,579187000,2,1.0,42480
2026-09-01T00:31:21Z,210933,12200,13800,22884,102,3309,44086700,1943,1.0,1209
2026-09-01T00:31:21Z,210934,12200,13900,23082,69,3143,43122800,620,1.0,826
2026-09-01T00:31:21Z,210935,18000,18700,5836,47,71,1315800,0,1.0,832
2026-09-01T00:31:21Z,210939,284300,309800,5334,64,30,8616600,0,1.0,3036
2026-09-01T00:31:21Z,212668,14000,14900,25522,114,1365,19110000,7531,1.0,9069
2026-09-01T00:31:21Z,212672,279200,282600,3025,58,49,13680800,0,1.0,848
2026-09-01T00:31:21Z,213611,27900,27900,18878,66,0,0,0,1.0,14191
2026-09-01T00:31:21Z,213612,157700,174800,7986,53,905,148669400,0,1.0,1185
2026-09-01T00:31:21Z,217707,49000,100000,19567,132,1174,79824100,8,1.0,15288
2026-09-01T00:31:21Z,219946,79700,79800,10076,100,672,53558400,68,1.0,1070
2026-09-01T00:31:21Z,219947,88800,88800,3567,59,0,0,168,1.0,897
2026-09-01T00:31:21Z,219949,179900,180400,2341,136,247,44450900,327,1.0,259
2026-09-01T00:31:21Z,219950,247000,247000,2101,82,0,0,0,1.0,1959
2026-09-01T00:31:21Z,219955,48300,56900,3348,160,449,25170100,22,1.0,286
2026-09-01T00:31:21Z,220137,9400,9400,1627,51,0,0,0,1.0,779
2026-09-01T00:31:21Z,220145,109900,369600,8136,135,305,38619400,0,1.0,7385
2026-09-01T00:31:21Z,220147,85000,89500,7365,46,60,5100000,0,1.0,1631
2026-09-01T00:31:21Z,221754,20000,29000,3294,82,472,10961600,5,1.0,100
2026-09-01T00:31:21Z,221853,140000,202000,7902,66,511,74656700,148,1.0,2670
2026-09-01T00:31:21Z,222804,120000,200400,1161,89,123,19093800,196,1.0,403
2026-09-01T00:31:21Z,222805,97100,97300,4678,45,222,21556200,655,1.0,2000
2026-09-01T00:31:21Z,222806,99700,104900,8688,45,869,88803200,11,1.0,1176
2026-09-01T00:31:21Z,223512,200,600,469630,535,38026,15065600,34,1.0,52950
2026-09-01T00:31:21Z,224572,793800,793800,285,40,0,0,0,1.0,75
2026-09-01T00:31:21Z,224828,68000,68000,17593,173,0,0,0,1.0,4658
2026-09-01T00:31:21Z,228231,70000,71100,9666,83,1379,96530000,0,1.0,80
2026-09-01T00:31:21Z,228232,89900,100000,10955,159,1552,149741500,0,1.0,3997
2026-09-01T00:31:21Z,228234,990000,1009000,3868,80,533,532432400,0,1.0,110
2026-09-01T00:31:21Z,228236,199900,229900,5987,83,397,86636500,0,1.0,1787
2026-09-01T00:31:21Z,230285,90000,109000,18105,148,2611,249087000,0,1.0,325
2026-09-01T00:31:21Z,236761,18700,18900,1095310,1173,6811,127535800,226995,1.0,159699
2026-09-01T00:31:21Z,236767,22500,24800,535266,466,16973,400081200,5418,1.0,72641
2026-09-01T00:31:21Z,236770,4900,6300,696622,1603,98875,524958000,2534,1.0,13798
2026-09-01T00:31:21Z,236771,266400,319800,71853,748,10100,2998441200,12,1.0,852
2026-09-01T00:31:21Z,236774,208000,209600,322947,834,47933,10017630400,13802,1.0,13180
2026-09-01T00:31:21Z,236775,510000,513900,52874,726,7731,3964898200,5879,1.0,1038
2026-09-01T00:31:21Z,236776,140900,143900,268785,763,24416,3472772900,10873,1.0,17693
2026-09-01T00:31:21Z,236777,700000,714300,41178,731,6111,4319040900,1368,1.0,2166
2026-09-01T00:31:21Z,236778,11000,16200,304446,916,41879,515856300,4124,1.0,18156
2026-09-01T00:31:21Z,236779,245000,259400,39114,647,5642,1402318600,230,1.0,400
2026-09-01T00:31:21Z,236780,3829000,3948800,39232,808,5768,22319105800,2031,1.0,729
2026-09-01T00:31:21Z,236949,12500,12600,689858,864,479,5987500,61409,1.0,148343
2026-09-01T00:31:21Z,236950,9700,9700,210872,316,0,0,17496,1.0,49275
2026-09-01T00:31:21Z,236951,9600,10700,374911,1251,49366,489168800,24969,1.0,16944
2026-09-01T00:31:21Z,236952,3000,3500,790540,556,97303,308241400,2928,1.0,224155
2026-09-01T00:31:21Z,236963,15500,16800,270955,820,24953,393531000,4322,1.0,152414
2026-09-01T00:31:21Z,236965,18500,20000,174273,472,23232,438632800,0,1.0,16107
2026-09-01T00:31:21Z,237015,680400,680500,17093,141,1887,1283914800,0,1.0,2184
2026-09-01T00:31:21Z,237016,688200,697900,67116,150,1358,935595300,1531,1.0,9264
2026-09-01T00:31:21Z,237017,346000,388600,72723,238,10838,3847952400,2269,1.0,141
2026-09-01T00:31:21Z,237018,327900,368000,58469,188,7037,2379868900,19,1.0,5336
2026-09-01T00:31:21Z,237359,49800,58800,494463,953,73847,4102431900,55783,1.0,2730
2026-09-01T00:31:21Z,237361,275000,300000,133705,562,19766,5756247900,95457,1.0,864
2026-09-01T00:31:21Z,237362,65200,67500,566486,958,62994,4183737900,39758,1.0,28895
2026-09-01T00:31:21Z,237363,335600,350100,113975,1056,14445,4926226200,3981,1.0,7951
2026-09-01T00:31:21Z,237364,66800,67900,376692,672,54950,3707818900,10177,1.0,14469
2026-09-01T00:31:21Z,237365,11000,342800,179236,924,26763,9102656900,23917,1.0,4151
2026-09-01T00:31:21Z,237366,119800,136000,124275,92,17856,2154708900,7904,1.0,1001
2026-09-01T00:31:21Z,238197,200200,200200,28159,73,0,0,4018,1.0,14040
2026-09-01T00:31:21Z,238198,538600,549300,23238,352,3082,1660426400,308,1.0,1994
2026-09-01T00:31:21Z,238203,1949900,1979800,50597,155,4684,9188422400,1,1.0,13678
2026-09-01T00:31:21Z,238205,1931700,2150100,13458,138,1916,3753001100,816,1.0,1041
2026-09-01T00:31:21Z,238213,80000,99500,4593,85,432,37945000,0,1.0,1058
2026-09-01T00:31:21Z,238366,90000,103600,33200,127,4426,428599800,9,1.0,2000
2026-09-01T00:31:21Z,238367,16700,19500,81993,503,11164,193114100,0,1.0,4152
2026-09-01T00:31:21Z,238368,519300,526500,2387,312,357,185578600,124,1.0,22
2026-09-01T00:31:21Z,238369,206300,249900,13493,159,1796,382520700,17,1.0,627
2026-09-01T00:31:21Z,238370,10600,15100,45796,459,6550,87581300,14,1.0,781
2026-09-01T00:31:21Z,238372,18200,25700,40228,650,5855,136492100,2,1.0,373
2026-09-01T00:31:21Z,238373,288900,289500,27690,195,3133,905137500,4003,1.0,1749
2026-09-01T00:31:21Z,238374,24300,49900,93592,592,8602,241261300,47,1.0,81097
2026-09-01T00:31:21Z,238375,71600,100000,39853,710,5929,502498000,589,1.0,138
2026-09-01T00:31:21Z,238376,415600,419800,20684,210,51,21195900,882,1.0,4906
2026-09-01T00:31:21Z,238377,125500,143000,27278,441,4021,558169400,1166,1.0,790
2026-09-01T00:31:21Z,238378,712800,808800,21021,406,2380,1890578700,330,1.0,874
2026-09-01T00:31:21Z,238379,62500,64000,40936,595,5380,340901400,3806,1.0,767
2026-09-01T00:31:21Z,238380,641100,679400,14199,317,1519,981530500,299,1.0,2772
2026-09-01T00:31:21Z,238382,174800,199900,7042,238,1008,184998900,82,1.0,77
2026-09-01T00:31:21Z,238383,158000,199500,28860,303,2995,557569300,64,1.0,3091
2026-09-01T00:31:21Z,238384,21900,24100,16566,752,2153,49058500,0,1.0,336
2026-09-01T00:31:21Z,238494,1600,4900,1369,160,163,311600,0,1.0,58
2026-09-01T00:31:21Z,238511,20900,27500,190247,1501,14198,327578800,197,1.0,59629
2026-09-01T00:31:21Z,238512,30200,34200,618562,611,86802,2657714800,138,1.0,32317
2026-09-01T00:31:21Z,238513,6400,9800,758955,730,62217,547301300,4330,1.0,277897
2026-09-01T00:31:21Z,238514,13700,16000,573538,739,67891,989445900,69661,1.0,125050
2026-09-01T00:31:21Z,238519,50000,70000,65250,513,9778,675972100,618,1.0,125
2026-09-01T00:31:21Z,238520,14400,16000,13038,705,1225,17828800,1,1.0,902
2026-09-01T00:31:21Z,238521,51100,106600,28585,796,4214,296247400,56,1.0,333
2026-09-01T00:31:21Z,238522,387000,390000,10112,554,1268,490780000,323,1.0,2098
2026-09-01T00:31:21Z,238525,1494900,1504400,15342,585,2215,3326326900,1612,1.0,118
2026-09-01T00:31:21Z,238528,500000,589800,28704,215,4092,2121084100,765,1.0,215
2026-09-01T00:31:21Z,238529,39739800,39749800,9388,301,378,15022141000,189,1.0,1609
2026-09-01T00:31:21Z,238530,5059900,5415500,5910,263,839,4438718400,66,1.0,173
2026-09-01T00:31:21Z,239198,884300,897400,43394,418,5070,4538162900,1304,1.0,2405
2026-09-01T00:31:21Z,239200,959700,979900,24776,183,2850,2735155400,2016,1.0,14040
2026-09-01T00:31:21Z,239201,1398900,1532100,29668,245,4047,5678321100,989,1.0,6115
2026-09-01T00:31:21Z,239202,1486700,1487800,9061,208,332,493593400,8700,1.0,1280
2026-09-01T00:31:21Z,239691,19500,20000,2700,94,322,6299200,0,1.0,589
2026-09-01T00:31:21Z,239700,17700,17900,193043,153,21037,372666700,4685,1.0,52293
2026-09-01T00:31:21Z,240973,2317900,2329900,1560,225,191,443783300,70,1.0,189
2026-09-01T00:31:21Z,240975,8409800,8439800,10432,165,524,4406735200,1428,1.0,1480
2026-09-01T00:31:21Z,240990,2380400,2380400,30418,138,0,0,2342,1.0,5219
2026-09-01T00:31:21Z,241280,489200,489200,5699,103,0,0,152,1.0,2489
2026-09-01T00:31:21Z,241282,2199900,2681500,13778,46,1177,2665224100,34,1.0,10777
2026-09-01T00:31:21Z,241283,819700,819700,2213,58,0,0,1,1.0,1604
2026-09-01T00:31:21Z,241288,1097900,1098900,56650,55,2405,2640449500,1596,1.0,14688
2026-09-01T00:31:21Z,241292,2047500,2047800,8556,127,238,487305000,1200,1.0,1219
2026-09-01T00:31:21Z,241298,1245000,1246700,760,13,60,74700000,0,1.0,440
2026-09-01T00:31:21Z,241301,46100,51700,68638,307,8321,387534400,10894,1.0,17914
2026-09-01T00:31:21Z,241304,1000000,1000000,13382,146,0,0,285,1.0,2086
2026-09-01T00:31:21Z,241305,35100,38400,343201,318,43629,1566600800,15411,1.0,16698
2026-09-01T00:31:21Z,241306,632800,634600,3005,101,309,195693200,0,1.0,1855
2026-09-01T00:31:21Z,241308,1740000,1767800,93735,644,13101,22872616900,13466,1.0,1480
2026-09-01T00:31:21Z,241309,184900,189900,118588,71,13898,2569740200,15333,1.0,5350
2026-09-01T00:31:21Z,241310,2286800,2309800,3795,110,367,839255600,494,1.0,1203
2026-09-01T00:31:21Z,241312,1432400,1432500,3416,14,20,28648000,0,1.0,3332
2026-09-01T00:31:21Z,241316,2134400,2134400,95,11,0,0,0,1.0,24
2026-09-01T00:31:21Z,241317,267300,299900,3179,81,429,117907300,88,1.0,1671
2026-09-01T00:31:21Z,241320,4299700,4299700,5459,61,0,0,107,1.0,1609
2026-09-01T00:31:21Z,241321,1781900,1782000,4588,67,50,89095000,1356,1.0,1981
2026-09-01T00:31:21Z,241323,1349900,1455500,5584,51,694,947354900,19,1.0,190
2026-09-01T00:31:21Z,241324,4940000,4950000,6395,195,208,1027903000,6,1.0,1338
2026-09-01T00:31:21Z,241325,1750000,1780000,7611,84,809,1416665000,1722,1.0,2809
2026-09-01T00:31:21Z,241326,5290000,5880000,14672,163,1932,10485920000,1167,1.0,508
2026-09-01T00:31:21Z,241327,2210000,2210000,6878,169,0,0,1092,1.0,3774
2026-09-01T00:31:21Z,241334,499000,500000,3906,68,221,110279000,130,1.0,413
2026-09-01T00:31:21Z,242273,5838900,5851800,5758,90,672,3926258800,759,1.0,200
2026-09-01T00:31:21Z,242274,294800,295900,11232,80,372,109700800,10,1.0,6316
2026-09-01T00:31:21Z,242275,299900,339900,290305,140,41285,13763934200,6363,1.0,5007
2026-09-01T00:31:21Z,242608,292900,293400,20200,197,635,186035000,218,1.0,3293
2026-09-01T00:31:21Z,242610,319900,319900,8683,73,0,0,2025,1.0,2099
2026-09-01T00:31:21Z,242620,399900,400000,96198,411,2294,917370600,4168,1.0,44177
2026-09-01T00:31:21Z,242621,1460000,1460000,35319,217,0,0,5431,1.0,7418
2026-09-01T00:31:21Z,242639,40700,45000,873326,549,60799,2701782400,31075,1.0,209644
2026-09-01T00:31:21Z,242640,56000,57500,434262,1030,51805,2902597500,5815,1.0,72062
2026-09-01T00:31:21Z,242644,700,700,25792,35,0,0,17,1.0,7994
2026-09-01T00:31:21Z,242712,1444300,1534800,5675,155,684,1043556600,1396,1.0,366
2026-09-01T00:31:21Z,242786,791000,791900,22183,60,1647,1302840300,2498,1.0,4085
2026-09-01T00:31:21Z,242787,80000,84000,53228,106,2774,232157500,129,1.0,21277
2026-09-01T00:31:21Z,242789,21300,22200,45838,128,5848,125541600,6749,1.0,1978
2026-09-01T00:31:21Z,243577,2359900,2430000,2717,230,391,933700300,7,1.0,26
2026-09-01T00:31:21Z,243600,34600,34800,157693,79,1055,36503000,2012,1.0,50638
2026-09-01T00:31:21Z,243602,22300,22400,43157,708,4695,104698500,10168,1.0,2041
2026-09-01T00:31:21Z,243605,1519700,2000000,22596,197,3132,5345026700,1155,1.0,719
2026-09-01T00:31:21Z,243606,5365000,5439900,11114,565,1553,8355829800,15,1.0,173
2026-09-01T00:31:21Z,243733,34700,36700,53069,316,7775,270456700,1597,1.0,717
2026-09-01T00:31:21Z,243734,339500,339500,57592,104,0,0,4616,1.0,22712
2026-09-01T00:31:21Z,243738,800000,800000,1642,55,0,0,8,1.0,655
2026-09-01T00:31:21Z,243953,13148200,14990900,1726,88,247,3389705700,45,1.0,382
2026-09-01T00:31:21Z,244003,17007100,17007100,1016,52,0,0,130,1.0,295
2026-09-01T00:31:21Z,244019,319200,319300,1366,73,85,27132000,54,1.0,376
2026-09-01T00:31:21Z,244029,28479700,28499800,4590,155,623,17745882000,531,1.0,81
2026-09-01T00:31:21Z,244634,23998900,24995000,1802,217,235,5703693800,165,1.0,40
2026-09-01T00:31:21Z,245764,1244900,1249600,6723,160,888,1105474200,106,1.0,192
2026-09-01T00:31:21Z,245765,2548000,2548200,4899,151,468,1192508800,305,1.0,838
2026-09-01T00:31:21Z,245767,979900,989900,3484,92,465,455664500,997,1.0,876
2026-09-01T00:31:21Z,245790,2563400,2563400,476,22,0,0,99,1.0,430
2026-09-01T00:31:21Z,245802,1019200,1050000,4879,174,722,745314800,80,1.0,56
2026-09-01T00:31:21Z,245804,400000,499500,5428,64,813,363928900,0,1.0,5
2026-09-01T00:31:21Z,245805,539900,539900,14668,131,0,0,2966,1.0,10478
2026-09-01T00:31:21Z,245806,1781800,1889600,6012,390,314,562890400,234,1.0,1011
2026-09-01T00:31:21Z,245808,19300,19300,114885,66,0,0,2956,1.0,44668
2026-09-01T00:31:21Z,245866,224800,229500,24420,210,3662,823585800,102,1.0,6904
2026-09-01T00:31:21Z,246447,209500,235000,59596,522,4694,1040446200,2174,1.0,4304
2026-09-01T00:31:21Z,246448,569900,625500,9152,404,1352,820085500,4065,1.0,291
2026-09-01T00:31:21Z,246449,2791900,2826500,7264,426,1025,2885740900,69,1.0,211
2026-09-01T00:31:21Z,249218,75000,240000,1927,120,145,21650700,0,1.0,1531
2026-09-01T00:31:21Z,251283,1200000,1315800,16386,521,2447,2983854300,335,1.0,13
2026-09-01T00:31:21Z,251285,3799900,3980000,35896,735,5234,20543841700,2033,1.0,166
2026-09-01T00:31:21Z,251487,132000,132300,1278,94,35,4620000,9,1.0,371
2026-09-01T00:31:21Z,251665,1000,1000,160918,33,0,0,122986,1.0,144204
2026-09-01T00:31:21Z,251923,179100,259800,4203,339,604,119744500,560,1.0,34
2026-09-01T00:31:21Z,253307,2405000,2405000,7013,111,0,0,1042,1.0,2869
2026-09-01T00:31:21Z,253403,9400,10300,2214456,169,322713,3185628500,708,1.0,38423
2026-09-01T00:31:21Z,255847,397600,696800,69491,40,3025,1204658500,0,1.0,56426
2026-09-01T00:31:21Z,259085,4249800,4265300,30060,798,2459,10461032000,6,1.0,4799
2026-09-01T00:31:21Z,262793,5700000,5808600,3434,166,121,689700000,64,1.0,400
2026-09-01T00:31:21Z,262797,78700,84000,17469,420,2529,209390900,130,1.0,155
2026-09-01T00:31:21Z,262798,6935800,7006800,1129,176,83,580369600,70,1.0,395
2026-09-01T00:31:21Z,265800,168000,187500,12951,574,1834,308795000,1699,1.0,479
2026-09-01T00:31:21Z,269586,1399900,1500000,2172,19,207,289794700,61,1.0,222
